県名,郡名,市町村名,ふりがな
爪崎県,XXX,爪崎市,つめさき
爪崎県,XXX,詰善市,きちぜん
爪崎県,XXX,灰江市,はいえ
爪崎県,XXX,色君市,しきみ
爪崎県,XXX,種坂市,たねさか
爪崎県,XXX,千澄市,ちずみ
爪崎県,XXX,千年宮市,せねみや
爪崎県,XXX,東沢市,ひがしさわ
爪崎県,XXX,貝端市,かいばた
爪崎県,XXX,封山市,ほうざん
爪崎県,XXX,灰ケ崎市,はいがさき
爪崎県,XXX,常嶺市,とこね
爪崎県,XXX,壺珠市,つぼたま
爪崎県,XXX,行堂市,ゆきどう
爪崎県,XXX,鋭崎町,えいざき
爪崎県,XXX,宝倉島町,ほうぐらじま
爪崎県,XXX,空里町,からさと
爪崎県,XXX,黒耀町,こくよう
爪崎県,XXX,神屋敷町,かみやしき
爪崎県,XXX,皆夏村,みなつ
爪崎県,XXX,布松町,ぬのまつ
爪崎県,XXX,栂植町,つがうえ
爪崎県,XXX,四々原町,ししはら
爪崎県,XXX,戸刈村,とかり
爪崎県,XXX,永刻町,えいこく
爪崎県,XXX,陣鉢町,じんばち
爪崎県,XXX,読尾町,よみょう
爪崎県,XXX,多後町,たご
爪崎県,XXX,東吉町,とうきち
爪崎県,XXX,奈杖村,なづえ
爪崎県,XXX,佐垣町,さかき
爪崎県,XXX,仲春町,なかはる
爪崎県,XXX,大川渡町,おおかわわたり
爪崎県,XXX,丹坂町,たんさか
爪崎県,XXX,稲樫町,いながし
爪崎県,XXX,此破町,このは
爪崎県,XXX,菱富町,ひしどみ
爪崎県,XXX,水緒村,みなお
爪崎県,XXX,大淵町,おおぶち
爪崎県,XXX,勾杖町,まがつえ
爪崎県,XXX,鞆笠町,ともがさ
爪崎県,XXX,里川村,さとかわ
爪崎県,XXX,勾畑村,まがはた
爪崎県,XXX,風倉村,かざくら
